Manufacturer,Model,Weight_pred
Audi,100,3329.34038374865
Pontiac,Sunbird,2574.9999999999986
Chevrolet,Lumina,3194.999999999998
Mazda,RX-7,2894.999999999994
Volkswagen,Fox,2240.0000000000027
